id,timestep,position_x,position_y,position_z,velocity_x,velocity_y,velocity_z,odor,velocity_a,acceleration_x,acceleration_y,acceleration_z,acceleration_a,heading_xy,heading_xz,heading_xyz,angular_velocity_x,angular_velocity_y,angular_velocity_z,angular_velocity_a,angular_acceleration_x,angular_acceleration_y,angular_acceleration_z,angular_acceleration_a,distance_from_wall,trajectory_id
19507239,0,-0.176333,0.0660338,0.0418814,0.417762,0.115133,0.0318798,400.0,0.434508,0.1572,-0.3542,-0.26786,0.471082,164.592,175.636,164.041,-0.103445,0.618694,-0.878828,1.07973,-14.7721,78.3855,-87.416,118.339,0.0839662,s20140924_123536_4874
19507240,1,-0.17215,0.0671734,0.0421913,0.419334,0.111591,0.0292012,400.0,0.434909,0.67055,-0.6239,-0.59565,1.09256,165.098,176.017,164.62,-0.251166,1.40255,-1.75299,2.25902,-22.995,119.866,-123.108,173.356,0.0828266,s20140924_123536_4874
19507241,2,-0.167912,0.0682477,0.0424436,0.431173,0.102655,0.0199668,400.0,0.443674,2.0275,-1.08211,-1.32191,2.65126,166.608,177.349,166.366,-0.563345,3.01601,-3.34099,4.53607,-30.9099,158.829,-130.971,208.172,0.0817523,s20140924_123536_4874
19507242,3,-0.163471,0.0692139,0.042564,0.459884,0.0899488,0.00276292,400.0,0.468606,3.33505,-1.46664,-2.21133,4.26188,168.933,179.656,168.928,-0.869365,4.57913,-4.37241,6.39079,-27.9555,152.465,-68.1538,169.328,0.0807861,s20140924_123536_4874
19507243,4,-0.158684,0.0700336,0.0424661,0.497874,0.0733222,-0.0242599,400.0,0.503829,3.4432,-1.87972,-3.26986,5.10695,171.622,177.21,171.182,-1.12246,6.0653,-4.70407,7.75732,-21.9485,143.002,-22.7061,146.448,0.0799664,s20140924_123536_4874
19507244,5,-0.153537,0.0706659,0.042041,0.528748,0.0523543,-0.0626342,400.0,0.535013,2.147,-2.36551,-4.23906,5.308,174.345,173.244,171.223,-1.30833,7.43918,-4.82653,8.96374,-17.6721,119.098,-30.0431,124.094,0.0793341,s20140924_123536_4874
19507245,6,-0.148171,0.0710628,0.0411866,0.540814,0.026012,-0.109041,400.0,0.55231,0.1895,-2.94327,-4.73734,5.58043,177.246,168.601,168.289,-1.4759,8.44727,-5.30493,10.0835,-20.4768,79.9718,-68.0126,106.96,0.0789372,s20140924_123536_4874
19507246,7,-0.142788,0.0711655,0.0398538,0.532538,-0.00651112,-0.157381,400.0,0.555345,-1.59175,-3.5281,-4.71315,6.09876,179.299,163.536,163.523,-1.71787,9.03862,-6.18679,11.0871,-28.7045,36.2961,-91.8699,102.866,0.0788345,s20140924_123536_4874
19507247,8,-0.137572,0.0709141,0.0380471,0.508979,-0.0445499,-0.203304,400.0,0.549888,-2.70215,-3.99341,-4.3572,6.49878,174.998,158.227,157.76,-2.04999,9.17319,-7.14233,11.8052,-35.0921,-18.7166,-80.4442,89.7387,0.0790859,s20140924_123536_4874
19507248,9,-0.132632,0.0702619,0.0358033,0.478495,-0.0863794,-0.244525,400.0,0.544253,-3.0284,-4.29311,-3.8335,6.50367,169.767,152.932,151.543,-2.41971,8.66429,-7.79567,11.9037,-36.7326,-87.5214,-38.7559,102.525,0.0797381,s20140924_123536_4874
19507249,10,-0.128,0.0691792,0.0331758,0.448411,-0.130412,-0.279974,400.0,0.544486,-2.7306,-4.46988,-3.2262,6.15178,163.784,148.021,145.442,-2.78464,7.42277,-7.91745,11.2044,-35.5199,-153.768,16.185,158.645,0.0808208,s20140924_123536_4874
19507250,11,-0.123645,0.0676492,0.0302251,0.423883,-0.175777,-0.309049,400.0,0.55325,-2.059,-4.5636,-2.53835,5.6133,157.477,143.905,140.011,-3.13011,5.58892,-7.47197,9.84195,-32.6067,-194.692,66.0273,208.153,0.0823508,s20140924_123536_4874
19507251,12,-0.119496,0.0656619,0.0270195,0.407231,-0.221684,-0.330741,400.0,0.569535,-1.3165,-4.5339,-1.72055,5.02491,151.437,140.918,135.645,-3.43677,3.52893,-6.5969,8.2331,-29.4087,-197.877,95.1229,221.514,0.0843381,s20140924_123536_4874
19507252,13,-0.115477,0.0632193,0.0236402,0.397553,-0.266455,-0.34346,400.0,0.589077,-0.8302,-4.27095,-0.67805,4.40341,146.169,139.175,132.444,-3.71828,1.63138,-5.56951,6.8925,-32.5252,-172.744,94.6825,199.658,0.0867807,s20140924_123536_4874
19507253,14,-0.111536,0.0603465,0.0201899,0.390627,-0.307103,-0.344302,400.0,0.604521,-0.9205,-3.61565,0.7516,3.80594,141.826,138.607,130.254,-4.08728,0.074045,-4.70325,6.23153,-52.3867,-142.243,65.9615,165.313,0.0896535,s20140924_123536_4874
19507254,15,-0.10768,0.0571072,0.0168099,0.379143,-0.338768,-0.328428,400.0,0.605292,-1.8525,-2.3567,2.73695,4.05915,138.219,139.1,128.784,-4.76602,-1.21349,-4.25028,6.50018,-97.6287,-125.246,15.0991,159.518,0.0928928,s20140924_123536_4874
19507255,16,-0.104,0.0536251,0.0136979,0.353577,-0.354237,-0.289563,400.0,0.578228,-3.0123,-1.06785,4.69585,5.68025,134.947,140.684,127.697,-6.03985,-2.43088,-4.40127,7.85876,-131.899,-110.762,-27.6334,174.439,0.0963749,s20140924_123536_4874
19507256,17,-0.100639,0.0500544,0.0110726,0.318897,-0.360125,-0.234511,400.0,0.535146,-3.17595,-0.7561,5.4187,6.32619,131.525,143.67,126.577,-7.404,-3.42872,-4.80295,9.46803,-80.4068,-63.5961,-14.6905,103.564,0.0999456,s20140924_123536_4874
19507257,18,-0.0976029,0.0464115,0.00900194,0.290058,-0.369359,-0.181189,400.0,0.503378,-2.40745,-1.1089,4.79205,5.47624,128.143,148.008,125.185,-7.64799,-3.7028,-4.69508,9.70805,47.6442,15.0649,41.4733,64.9381,0.103588,s20140924_123536_4874
19507258,19,-0.0948059,0.0426548,0.00741278,0.270748,-0.382303,-0.13867,400.0,0.488559,-1.60665,-1.27515,3.61395,4.15547,125.306,152.88,123.654,-6.45111,-3.12742,-3.97348,8.19672,159.327,81.6547,81.6599,196.776,0.107345,s20140924_123536_4874
19507259,20,-0.0921663,0.0387667,0.00618602,0.257925,-0.394862,-0.10891,400.005,0.484048,-1.15925,-1.01315,2.37583,2.83106,123.153,157.108,122.198,-4.46144,-2.06971,-3.06188,5.79338,200.409,106.989,85.0257,242.569,0.111233,s20140924_123536_4874
19507260,21,-0.0896392,0.0347738,0.00519456,0.247563,-0.402566,-0.0911533,400.072,0.481306,-1.0498,-0.41415,1.31132,1.73008,121.59,159.786,120.954,-2.44293,-0.987642,-2.27297,3.47991,187.614,99.5663,70.5974,223.822,0.115226,s20140924_123536_4874
19507261,22,-0.087216,0.0307391,0.00433199,0.236929,-0.403145,-0.0826836,400.727,0.474866,-1.078,0.26595,0.457515,1.20089,120.443,160.762,119.93,-0.709162,-0.0783791,-1.64994,1.7976,169.927,87.5038,60.6592,200.528,0.119261,s20140924_123536_4874
19507262,23,-0.0849016,0.0267325,0.00351493,0.226003,-0.397247,-0.082003,405.116,0.464335,-1.03765,0.80755,-0.33966,1.35802,119.637,160.057,119.125,0.955603,0.762435,-1.05979,1.61791,176.561,87.6249,61.3675,206.441,0.123268,s20140924_123536_4874
19507263,24,-0.0826923,0.0228087,0.00266475,0.216176,-0.386994,-0.0894768,424.948,0.45222,-0.85575,1.1236,-1.22125,1.86715,119.188,157.515,118.557,2.82206,1.67412,-0.422588,3.30837,196.355,94.3994,65.4983,227.501,0.127191,s20140924_123536_4874
19507264,25,-0.0805696,0.0189991,0.0016938,0.208888,-0.374775,-0.106428,485.66,0.44206,-0.55265,1.22155,-2.20441,2.58012,119.134,153.001,118.199,4.8827,2.65042,0.25018,5.56131,193.881,90.5433,62.5826,222.945,0.131001,s20140924_123536_4874
19507265,26,-0.0785028,0.0153132,0.000502235,0.205123,-0.362563,-0.133565,612.304,0.437455,-0.2079,1.1469,-3.14195,3.35119,119.499,146.93,117.963,6.69969,3.48499,0.829064,7.59726,137.535,63.358,41.9724,157.137,0.134687,s20140924_123536_4874
19507266,27,-0.0764559,0.0117429,-0.00100605,0.20473,-0.351837,-0.169267,789.507,0.440857,0.03775,0.97695,-3.7771,3.90158,120.195,140.417,117.671,7.63341,3.91758,1.08963,8.64892,37.5181,21.3071,4.502,43.3805,0.138257,s20140924_123536_4874
19507267,28,-0.074403,0.00827006,-0.0028969,0.205878,-0.343024,-0.209107,939.855,0.451417,0.06265,0.80265,-3.943,4.02435,120.972,134.554,117.134,7.45005,3.91113,0.919104,8.46434,-53.1474,-11.6685,-31.0449,62.6465,0.14173,s20140924_123536_4874
19507268,29,-0.0723418,0.00487718,-0.00518545,0.205983,-0.335784,-0.248127,973.35,0.465561,-0.1184,0.67755,-3.7275,3.79043,121.527,129.698,116.26,6.57046,3.68421,0.468728,7.54746,-93.2998,-23.0164,-46.0494,106.561,0.144815,s20140924_123536_4874
19507269,30,-0.070292,0.00155128,-0.0078478,0.20351,-0.329473,-0.283657,871.306,0.480031,-0.3953,0.631,-3.34345,3.42536,121.703,125.658,115.084,5.58406,3.4508,-0.00188345,6.56428,-86.4595,-18.8463,-40.8733,97.4733,0.142152,s20140924_123536_4874
19507270,31,-0.0682815,-0.00171229,-0.0108446,0.198077,-0.323164,-0.314996,702.201,0.492841,-0.6884,0.69305,-2.94625,3.10397,121.505,122.163,113.698,4.84128,3.30729,-0.348738,5.87348,-58.9686,-9.9831,-27.6867,65.9054,0.139155,s20140924_123536_4874
19507271,32,-0.0663401,-0.00490785,-0.0141352,0.189742,-0.315612,-0.342582,552.36,0.502967,-0.9956,0.91795,-2.5126,2.8543,121.014,118.98,112.163,4.40468,3.25114,-0.555618,5.50271,-36.7517,-4.14378,-16.9546,40.6856,0.135865,s20140924_123536_4874
19507272,33,-0.0644974,-0.00801367,-0.0176799,0.178165,-0.304805,-0.365248,461.142,0.507991,-1.3748,1.36625,-1.8027,2.64697,120.307,116.003,110.532,4.10624,3.22441,-0.68783,5.26604,-27.2421,-0.405448,-12.9811,30.1796,0.13232,s20140924_123536_4874
19507273,34,-0.0627913,-0.0109849,-0.0214092,0.162246,-0.288287,-0.378636,420.054,0.502791,-1.8589,2.05585,-0.63255,2.84291,119.371,113.195,108.826,3.85984,3.24303,-0.815241,5.10688,-12.7917,9.64887,-13.011,20.6401,0.128591,s20140924_123536_4874
19507274,35,-0.0612703,-0.0137525,-0.0252055,0.140987,-0.263688,-0.377899,405.658,0.481888,-2.39805,2.9622,0.9286,3.9227,118.132,110.46,107.012,3.85041,3.41739,-0.948051,5.23479,29.6873,32.225,-12.2054,45.4836,0.124794,s20140924_123536_4874
19507275,36,-0.0599896,-0.0162252,-0.0289102,0.114285,-0.229043,-0.360064,401.489,0.441778,-2.87908,4.0102,2.643,5.59967,116.518,107.61,104.993,4.45359,3.88753,-1.05935,6.00579,124.841,73.8428,-9.30179,145.343,0.12109,s20140924_123536_4874
19507276,37,-0.0589985,-0.018297,-0.0323495,0.0834054,-0.183484,-0.325039,400.407,0.382457,-3.18339,5.06385,4.20685,7.3126,114.445,104.392,102.596,6.34723,4.89425,-1.13409,8.09488,326.98,156.689,-8.75943,362.691,0.117651,s20140924_123536_4874
19507277,38,-0.0583279,-0.019861,-0.035364,0.0506171,-0.127766,-0.275927,400.131,0.308256,-3.24608,5.93904,5.3633,8.63564,111.612,100.395,99.451,10.9932,7.02132,-1.23454,13.1024,775.101,334.122,-22.5502,844.35,0.114636,s20140924_123536_4874
19507278,39,-0.057984,-0.0208278,-0.0378379,0.0184838,-0.0647031,-0.217773,400.055,0.227932,-3.04646,6.43621,6.02985,9.33085,105.943,94.8514,94.6514,21.8492,11.5767,-1.58509,24.7774,1608.67,642.634,-75.4328,1733.92,0.112162,s20140924_123536_4874
19507279,40,-0.0579471,-0.0211464,-0.0397052,-0.0103122,0.000958127,-0.15533,400.033,0.155675,-2.67501,6.51334,6.07301,9.29842,5.30823,86.2018,86.2018,43.1666,19.874,-2.74319,47.601,1590.43,565.773,-116.989,1692.11,0.110295,s20140924_123536_4874
19507280,41,-0.0581766,-0.0208122,-0.0409559,-0.0350165,0.0655637,-0.0963129,400.028,0.121659,-2.25718,6.16239,5.13275,8.33157,61.8941,70.0202,73.2722,53.6578,22.8921,-3.92486,58.4689,-405.792,-282.385,-30.6397,495.326,0.109044,s20140924_123536_4874
19507281,42,-0.0586332,-0.019855,-0.0416827,-0.0554559,0.124206,-0.052675,400.035,0.145867,-1.82459,5.34276,3.32705,6.55313,65.94,43.5268,67.6551,35.0507,14.2263,-3.35599,37.9763,-2069.49,-904.94,110.936,2261.42,0.108317,s20140924_123536_4874
19507282,43,-0.0592711,-0.0183628,-0.0420785,-0.0715084,0.172419,-0.0297718,400.054,0.189019,-1.46313,4.28215,1.42788,4.74514,67.4744,22.6039,67.7707,12.2679,4.79334,-1.70614,13.2811,-1665.06,-677.852,151.68,1804.14,0.107922,s20140924_123536_4874
19507283,44,-0.0600539,-0.0164426,-0.0423357,-0.0847185,0.209849,-0.0241175,400.097,0.227586,-1.24737,3.22725,-0.06314,3.4605,68.0155,15.8905,68.1457,1.74953,0.669255,-0.322398,1.90071,-758.137,-293.559,123.675,822.34,0.107664,s20140924_123536_4874
19507284,45,-0.0609606,-0.0142002,-0.0426028,-0.0964558,0.236964,-0.0310346,400.179,0.257718,-1.13328,2.22985,-1.13483,2.7467,67.8513,17.8356,68.0209,-2.89483,-1.07784,0.767358,3.18286,-356.539,-131.713,99.2935,392.845,0.107397,s20140924_123536_4874
19507285,46,-0.0619803,-0.0117354,-0.0429859,-0.107384,0.254446,-0.0468141,400.312,0.280117,-1.06751,1.3072,-1.90112,2.54217,67.1188,23.5548,67.4584,-5.38125,-1.965,1.66347,5.96541,-207.065,-70.8695,86.4447,235.31,0.107014,s20140924_123536_4874
19507286,47,-0.0631066,-0.00914067,-0.0435606,-0.117806,0.263108,-0.069057,400.483,0.296434,-1.0419,0.46495,-2.4643,2.7156,65.8797,30.3785,66.5836,-7.03613,-2.49523,2.49625,7.87175,-144.453,-40.4624,87.8673,173.852,0.106439,s20140924_123536_4874
19507287,48,-0.0643364,-0.00649998,-0.044383,-0.128222,0.263745,-0.0961001,400.632,0.308606,-1.08265,-0.3135,-2.86295,3.07683,64.0729,36.8509,65.45,-8.2703,-2.77425,3.42082,9.36997,-106.55,-11.6498,103.87,149.257,0.105617,s20140924_123536_4874
19507288,49,-0.0656738,-0.00389092,-0.0454932,-0.139459,0.256838,-0.126316,400.678,0.318387,-1.2268,-1.0669,-3.0847,3.48693,61.4987,42.1689,64.0226,-9.16712,-2.72822,4.57366,10.6018,-73.1843,29.0943,131.728,153.475,0.104507,s20140924_123536_4874
19507289,50,-0.0671325,-0.00138831,-0.0469136,-0.152758,0.242407,-0.157794,400.588,0.327101,-1.5084,-1.8496,-3.08155,3.89772,57.782,45.929,62.1599,-9.73399,-2.19236,6.05537,11.6715,-45.0508,82.9619,163.134,188.481,0.103086,s20140924_123536_4874
19507290,51,-0.0687408,0.000930114,-0.0486446,-0.169627,0.219846,-0.187947,400.413,0.335305,-1.9071,-2.71785,-2.8081,4.34847,52.3472,47.9329,59.6097,-10.0681,-1.06898,7.83634,12.8031,-30.6559,137.072,182.966,230.662,0.101355,s20140924_123536_4874
19507291,52,-0.0705397,0.00297783,-0.0506587,-0.1909,0.18805,-0.213956,400.239,0.342903,-2.2879,-3.7049,-2.21735,4.88645,44.5691,48.2594,56.171,-10.3471,0.549076,9.71469,14.2035,-30.6831,176.366,180.518,254.23,0.0993413,s20140924_123536_4874
19507292,53,-0.0725695,0.00465609,-0.0528982,-0.215385,0.145748,-0.232294,400.118,0.348703,-2.39885,-4.77234,-1.20925,5.47649,34.0857,47.1631,51.8535,-10.6818,2.45834,11.4467,15.8484,-41.3308,198.331,162.477,259.696,0.0971018,s20140924_123536_4874
19507293,54,-0.0748441,0.00585665,-0.0552629,-0.238877,0.0926032,-0.238141,400.053,0.349784,-1.93305,-5.75973,0.33545,6.08471,21.1894,44.9116,46.9272,-11.1737,4.5157,12.9642,17.7007,-75.8796,226.928,161.975,288.946,0.0947371,s20140924_123536_4874
19507294,55,-0.0773193,0.00647847,-0.0575996,-0.254046,0.0305534,-0.225585,400.023,0.341118,-0.5923,-6.41444,2.54165,6.92502,6.85786,41.6041,41.8628,-12.1994,6.9969,14.6862,20.3339,-195.407,317.286,257.723,453.073,0.0924004,s20140924_123536_4874
19507295,56,-0.0798634,0.00645375,-0.0596889,-0.250723,-0.0356856,-0.187308,400.011,0.314992,0.95075,-6.86407,4.87235,8.47108,8.10054,36.7624,37.2533,-15.0819,10.8614,18.1187,25.9561,-328.205,390.618,369.749,630.091,0.0903111,s20140924_123536_4874
19507296,57,-0.0822925,0.00574875,-0.0612762,-0.235031,-0.106728,-0.128138,400.006,0.288184,1.34195,-7.52682,6.18301,9.83278,24.4229,28.599,35.3572,-18.7635,14.8093,22.0812,32.5417,-130.881,164.117,137.902,251.16,0.0887238,s20140924_123536_4874
19507297,58,-0.0845792,0.00429103,-0.0622339,-0.223884,-0.186222,-0.0636477,400.004,0.298083,0.69395,-7.99595,5.99288,10.0166,39.753,15.8699,41.3161,-17.6995,14.1437,20.8767,30.8084,364.876,-287.329,-384.38,602.86,0.0877661,s20140924_123536_4874
19507298,59,-0.0867983,0.00202121,-0.0625795,-0.221152,-0.266647,-0.00828032,400.003,0.346522,-0.0302,-7.60885,4.71855,8.95323,50.3283,2.14425,50.3419,-11.466,9.06268,14.3936,20.5128,604.527,-483.77,-632.19,999.576,0.0874205,s20140924_123536_4874
19507299,60,-0.0890224,-0.00101301,-0.0624541,-0.224488,-0.338399,0.0307234,400.003,0.40725,-0.44855,-6.44035,3.15096,7.18386,56.4404,7.79308,56.5486,-5.60894,4.46834,8.23292,10.9182,462.224,-358.04,-499.638,769.079,0.0875459,s20140924_123536_4874
19507300,61,-0.0912957,-0.00469778,-0.062015,-0.230123,-0.395454,0.0547389,400.002,0.4608,-0.36095,-4.45605,1.72091,4.79043,59.804,13.3802,60.0398,-2.22148,1.90189,4.40083,5.28388,262.603,-197.708,-306.387,449.357,0.087985,s20140924_123536_4874
19507301,62,-0.0936114,-0.00883879,-0.0614047,-0.231707,-0.42752,0.0651417,400.001,0.490617,0.42635,-1.29205,0.3819,1.41316,61.5432,15.7027,61.8178,-0.356889,0.514194,2.10517,2.19625,165.226,-119.928,-195.392,282.596,0.0885953,s20140924_123536_4874
19507302,63,-0.0958909,-0.0131205,-0.0607561,-0.221596,-0.421295,0.0623769,400.0,0.480089,1.18995,1.7272,-0.81583,2.25051,62.2562,15.7213,62.5113,1.08303,-0.49667,0.492976,1.28944,157.013,-105.274,-153.037,243.22,0.0892439,s20140924_123536_4874
19507303,64,-0.0980314,-0.017191,-0.0601931,-0.207908,-0.392976,0.0488251,400.0,0.447258,0.823,2.44495,-1.70963,3.09482,62.1185,13.2159,62.2995,2.78336,-1.59129,-0.955558,3.34551,171.205,-107.684,-135.351,243.365,0.0898069,s20140924_123536_4874
19507304,65,-0.100085,-0.0210059,-0.0598032,-0.205136,-0.372396,0.0281844,400.0,0.426091,-0.2222,1.5723,-2.33966,2.82763,61.1516,7.8231,61.2207,4.50713,-2.65034,-2.21404,5.67807,155.353,-94.2769,-103.149,208.956,0.0901968,s20140924_123536_4874
19507305,66,-0.102167,-0.0246713,-0.0596478,-0.212352,-0.36153,0.00203187,400.0,0.419287,-0.91755,0.95245,-2.88721,3.1757,59.5713,0.548213,59.5717,5.89043,-3.47683,-3.01854,7.47643,127.731,-76.7927,-56.8042,159.496,0.0903522,s20140924_123536_4874
19507306,67,-0.104346,-0.0282454,-0.0597807,-0.223487,-0.353347,-0.0295598,400.0,0.419135,-1.111,0.88175,-3.44423,3.72486,57.6872,7.53457,57.7774,7.06174,-4.18619,-3.35012,8.86655,111.788,-69.9201,-20.8007,133.484,0.0902193,s20140924_123536_4874
19507307,68,-0.106637,-0.031734,-0.060258,-0.234572,-0.343895,-0.0668528,400.0,0.421613,-1.0142,1.11545,-3.98466,4.26032,55.702,15.9075,56.195,8.12619,-4.87523,-3.43455,10.0796,93.6376,-62.0139,-7.13561,112.537,0.089742,s20140924_123536_4874
19507308,69,-0.109031,-0.0351119,-0.0611348,-0.243771,-0.331038,-0.109253,400.0,0.425378,-0.82315,1.4758,-4.39961,4.71297,53.6327,24.1409,55.0355,8.9345,-5.42647,-3.49283,11.0214,55.6448,-35.5123,-10.189,66.7929,0.0888652,s20140924_123536_4874
19507309,70,-0.111506,-0.0383421,-0.0624537,-0.251035,-0.314379,-0.154845,400.0,0.43108,-0.69165,1.8314,-4.56525,4.96728,51.3923,31.6674,54.3847,9.23909,-5.58548,-3.63833,11.3928,-2.4436,15.0243,-19.7736,24.9539,0.0875463,s20140924_123536_4874
19507310,71,-0.114049,-0.0413885,-0.0642321,-0.257604,-0.29441,-0.200558,400.0,0.439614,-0.70525,2.1164,-4.39165,4.92576,48.8146,37.9026,54.1279,8.88562,-5.12599,-3.8883,10.9704,-65.7767,80.8136,-28.4496,108.013,0.0857679,s20140924_123536_4874
19507311,72,-0.116661,-0.0442224,-0.0664529,-0.26514,-0.272051,-0.242678,400.0,0.450781,-0.8863,2.3166,-3.8364,4.56838,45.7371,42.4673,53.9721,7.92355,-3.96921,-4.20732,9.81014,-114.89,146.563,-34.4752,189.391,0.0835471,s20140924_123536_4874
19507312,73,-0.119361,-0.0468241,-0.0690606,-0.27533,-0.248078,-0.277286,400.0,0.462857,-1.2043,2.46845,-2.89565,3.99104,42.0195,45.2028,53.4982,6.58782,-2.19472,-4.57781,8.317,-136.704,199.116,-39.7824,244.781,0.0809394,s20140924_123536_4874
19507313,74,-0.12218,-0.0491792,-0.0719609,-0.289226,-0.222682,-0.300591,400.0,0.472857,-1.5714,2.63535,-1.6088,3.46448,37.5935,46.1039,52.2906,5.18947,0.0131086,-5.00297,7.20836,-130.35,234.618,-47.2529,272.525,0.0780391,s20140924_123536_4874
19507314,75,-0.125157,-0.0512714,-0.0750243,-0.306758,-0.195371,-0.309462,400.0,0.477532,-1.87285,2.8753,-0.0484,3.4318,32.4926,45.2514,50.0303,3.98083,2.49764,-5.52287,7.25171,-104.095,259.112,-60.4605,285.71,0.0749757,s20140924_123536_4874
19507315,76,-0.128323,-0.053077,-0.0780942,-0.326683,-0.165176,-0.301559,400.0,0.474281,-1.99265,3.21885,1.6829,4.14292,26.8219,42.7099,46.4651,3.10757,5.19535,-6.21218,8.67409,-66.8329,278.649,-81.6652,297.962,0.0719058,s20140924_123536_4874
19507316,77,-0.131691,-0.0545616,-0.080996,-0.346611,-0.130994,-0.275804,400.0,0.461916,-1.83005,3.65319,3.4247,5.33137,20.703,38.5098,41.377,2.64417,8.07062,-7.15617,11.1057,-25.8429,294.915,-110.524,316.004,0.069004,s20140924_123536_4874
19507317,78,-0.135245,-0.0556812,-0.0835537,-0.363284,-0.0921121,-0.233065,400.0,0.441338,-1.32005,4.11722,4.9997,6.60992,14.2277,32.6822,34.5994,2.59072,11.0937,-8.42266,14.1676,11.331,310.868,-144.422,342.965,0.0664463,s20140924_123536_4874
19507318,79,-0.138934,-0.0563886,-0.0856089,-0.373012,-0.0486497,-0.17581,400.0,0.415228,-0.47035,4.52303,6.28835,7.76031,7.4308,25.2357,26.0604,2.87079,14.288,-10.0446,17.6998,38.9556,324.834,-177.646,372.281,0.0643911,s20140924_123536_4874
19507319,80,-0.142671,-0.0566424,-0.0870324,-0.372691,-0.00165153,-0.107298,400.0,0.387833,0.62975,4.79883,7.2222,8.69399,0.253897,16.0611,16.063,3.36983,17.5903,-11.9756,21.5451,51.5984,309.23,-195.519,369.477,0.0629676,s20140924_123536_4874
19507320,81,-0.146348,-0.056415,-0.0877301,-0.360417,0.047327,-0.0313661,400.0,0.364862,1.8301,4.92047,7.73334,9.34691,7.48081,4.97376,8.95238,3.90276,20.4726,-13.955,25.0819,37.5526,210.721,-166.28,271.039,0.0622699,s20140924_123536_4874
19507321,82,-0.14984,-0.0556944,-0.0876503,-0.336089,0.0967578,0.0473688,400.0,0.352933,2.9413,4.8784,7.74606,9.61516,16.0608,8.0225,17.7728,4.12088,21.8048,-15.3012,26.9547,-10.0207,9.88665,-62.4107,63.9786,0.0623497,s20140924_123536_4874
19507322,83,-0.153035,-0.0544842,-0.0867912,-0.301591,0.144895,0.123555,400.0,0.356676,3.7879,4.64411,7.22901,9.39013,25.6613,22.2778,32.2679,3.70234,20.6703,-15.2032,25.925,-69.2121,-218.849,89.7297,246.448,0.0632088,s20140924_123536_4874
19507323,84,-0.155849,-0.0528078,-0.0852052,-0.260331,0.18964,0.191949,400.0,0.37494,4.22355,4.1998,6.25985,8.64074,36.0717,36.4023,46.0264,2.73664,17.4278,-13.5066,22.2181,-102.001,-351.601,205.238,419.703,0.0647948,s20140924_123536_4874
19507324,85,-0.158236,-0.0507097,-0.0829909,-0.21712,0.228891,0.248752,400.0,0.401758,4.2694,3.67985,5.1451,7.63159,46.5118,48.8843,57.2875,1.66231,13.6383,-11.0984,17.6619,-87.2801,-326.472,218.238,402.281,0.0670091,s20140924_123536_4874
19507325,86,-0.160195,-0.0482463,-0.0802659,-0.174943,0.263237,0.294851,400.0,0.432245,4.2594,3.3053,4.3974,6.95734,56.3926,59.3182,66.1257,0.991036,10.8983,-9.14182,14.2593,-34.2989,-206.735,157.725,262.284,0.0697341,s20140924_123536_4874
19507326,87,-0.161732,-0.0454536,-0.077108,-0.131932,0.294997,0.3367,400.0,0.466686,4.48764,3.06195,4.227,6.88346,65.9043,68.6028,73.5786,0.976337,9.50359,-7.94393,12.4249,15.6878,-111.235,100.831,150.951,0.072892,s20140924_123536_4874
19507327,88,-0.162821,-0.042354,-0.0735291,-0.0851902,0.324476,0.379391,400.0,0.506438,4.88747,2.7861,4.30235,7.08237,75.2892,77.3445,80.316,1.30479,8.67366,-7.1252,11.3006,26.2602,-81.7114,76.8383,115.198,0.0764709,s20140924_123536_4874
19507328,89,-0.163421,-0.0389748,-0.069518,-0.0341826,0.350719,0.422747,400.0,0.550352,5.26883,2.4146,4.2077,7.16209,84.4333,85.3772,86.439,1.50154,7.86937,-6.40716,10.2583,1.79051,-80.0285,68.9436,105.646,0.080482,s20140924_123536_4874
19507329,90,-0.163493,-0.0353536,-0.0650826,0.0201863,0.372768,0.463545,400.0,0.595178,5.51858,1.9573,3.6891,6.92064,93.0997,92.4935,91.9436,1.3406,7.07309,-5.74633,9.21119,-35.7614,-71.9588,61.8825,101.422,0.0849174,s20140924_123536_4874
19507330,91,-0.163012,-0.031536,-0.0602731,0.076189,0.389865,0.496529,400.0,0.635878,5.57598,1.425,2.60145,6.31584,101.058,98.7236,96.8815,0.786313,6.43019,-5.16952,8.28791,-64.8521,-54.8066,54.1688,100.716,0.0897269,s20140924_123536_4874
19507331,92,-0.161971,-0.0275753,-0.0551985,0.131706,0.401268,0.515574,400.0,0.666468,5.3734,0.84075,1.11295,5.55148,108.171,104.33,101.398,0.0435615,5.97696,-4.66295,7.58083,-63.3355,-47.8404,52.4488,95.1365,0.0948015,s20140924_123536_4874
19507332,94,-0.16039,-0.0235306,-0.0500144,0.183657,0.40668,0.518788,400.0,0.684295,4.80955,0.2488,-0.23415,4.82167,114.304,109.495,105.568,-0.480397,5.47338,-4.12054,6.86786,-30.0372,-65.1198,59.7222,93.325,0.0999856,s20140924_123536_4874
19507333,95,-0.158324,-0.0194612,-0.0448598,0.227897,0.406244,0.510891,400.0,0.691362,3.85815,-0.3421,-1.08075,4.02124,119.292,114.041,109.247,-0.557182,4.67456,-3.46851,5.84744,7.56763,-93.6481,69.8809,117.092,0.10514,s20140924_123536_4874
19507334,96,-0.15587,-0.0154256,-0.039816,0.26082,0.399838,0.497173,400.007,0.689259,2.59675,-0.9478,-1.56835,3.17823,123.117,117.682,112.235,-0.329045,3.60042,-2.72292,4.5261,24.6941,-106.797,72.757,131.564,0.110184,s20140924_123536_4874
19507335,97,-0.153154,-0.0114849,-0.0349295,0.279832,0.387288,0.479524,400.169,0.676935,1.2578,-1.54245,-1.98755,2.81275,125.85,120.266,114.417,-0.063299,2.53861,-2.01337,3.24071,18.6433,-86.7545,59.5409,106.86,0.11507,s20140924_123536_4874
19507336,98,-0.150316,-0.00769902,-0.0302404,0.285976,0.368989,0.457422,402.058,0.653582,0.17045,-2.0611,-2.5045,3.24803,127.777,122.013,115.948,0.0438212,1.86533,-1.5321,2.41427,-4.22593,-40.9252,36.2347,54.8241,0.11976,s20140924_123536_4874
19507337,99,-0.147464,-0.00412051,-0.0258006,0.283241,0.346066,0.429434,413.389,0.620001,-0.5593,-2.42635,-3.16115,4.02404,129.299,123.408,117.183,-0.147818,1.72011,-1.28868,2.15437,-41.108,10.4458,19.4213,46.6495,0.124199,s20140924_123536_4874
19507338,100,-0.14467,-0.000786645,-0.0216759,0.27479,0.320462,0.394199,450.339,0.57758,-1.0208,-2.57645,-3.93765,4.8151,130.612,124.88,118.409,-0.77834,2.07424,-1.14368,2.49325,-91.0541,60.496,15.169,110.366,0.128324,s20140924_123536_4874
19507339,101,-0.14198,0.00228765,-0.0179443,0.262825,0.294537,0.350681,519.251,0.528021,-1.3017,-2.5086,-4.7716,5.54578,131.744,126.85,119.852,-1.9689,2.93003,-0.985298,3.66503,-152.258,113.443,19.9005,190.913,0.132056,s20140924_123536_4874
19507340,102,-0.139421,0.00510969,-0.0146902,0.248756,0.27029,0.298767,593.724,0.473495,-1.46615,-2.2787,-5.57315,6.19694,132.624,129.781,121.693,-3.82349,4.34311,-0.745668,5.83418,-223.617,174.619,29.4294,285.241,0.13531,s20140924_123536_4874
19507341,103,-0.137009,0.00770319,-0.0119944,0.233502,0.248963,0.239218,632.711,0.416811,-1.55705,-1.97575,-6.25345,6.74045,133.165,134.307,124.07,-6.44124,6.42241,-0.396711,9.10463,-301.296,244.39,41.0588,390.118,0.138006,s20140924_123536_4874
19507342,104,-0.134753,0.0100994,-0.00992577,0.217615,0.230775,0.173698,619.985,0.361641,-1.60965,-1.68475,-6.7263,7.11846,133.319,141.404,126.995,-9.84941,9.23092,0.0755075,13.4991,-370.722,309.366,55.5609,486.034,0.139901,s20140924_123536_4874
19507343,105,-0.132658,0.0123276,-0.00853203,0.201309,0.215268,0.104692,571.892,0.312772,-1.66185,-1.45035,-6.94921,7.29087,133.081,152.523,130.063,-13.8557,12.6097,0.714507,18.7482,-390.826,332.693,71.3673,518.192,0.137672,s20140924_123536_4874
19507344,106,-0.130728,0.0144115,-0.00783517,0.184378,0.201768,0.0347137,515.206,0.275519,-1.7435,-1.29545,-6.93153,7.26389,132.421,169.337,132.006,-17.6659,15.8848,1.50285,23.8048,-300.377,262.872,78.1468,406.737,0.135588,s20140924_123536_4874
19507345,107,-0.128973,0.0163666,-0.00783334,0.166439,0.189359,-0.0339386,468.007,0.254383,-1.86835,-1.2272,-6.71082,7.07332,131.314,168.475,130.866,-19.8632,17.8672,2.27744,26.8136,-90.3968,94.1182,68.517,147.392,0.133633,s20140924_123536_4874
19507346,108,-0.127405,0.0181996,-0.00850365,0.147011,0.177224,-0.0995028,436.018,0.250841,-2.0515,-1.21955,-6.34837,6.78216,129.676,145.908,125.879,-19.4739,17.7671,2.87319,26.5171,154.859,-98.0456,48.1512,189.507,0.1318,s20140924_123536_4874
19507347,109,-0.12604,0.0199107,-0.00980952,0.125409,0.164968,-0.160906,417.318,0.26236,-2.31995,-1.25875,-5.76246,6.33818,127.242,127.933,118.555,-16.766,15.9063,3.24047,23.3369,322.713,-212.715,29.7232,387.653,0.130089,s20140924_123536_4874
19507348,110,-0.124907,0.0214967,-0.0116966,0.100612,0.152049,-0.214752,407.616,0.281709,-2.69757,-1.36225,-4.74045,5.62178,123.493,115.103,110.925,-13.0196,13.5128,3.46766,19.0822,353.268,-201.266,22.379,407.194,0.128503,s20140924_123536_4874
19507349,111,-0.124043,0.022947,-0.0140616,0.0714577,0.137723,-0.255715,403.1,0.299105,-3.15095,-1.53105,-3.3058,4.81674,117.423,105.613,103.822,-9.70068,11.8809,3.68805,15.7753,269.655,-99.835,24.5179,288.586,0.127053,s20140924_123536_4874
19507350,112,-0.123494,0.0242446,-0.0167582,0.0375929,0.121428,-0.280868,401.193,0.308293,-3.59149,-1.7592,-1.78955,4.38133,107.202,97.6235,97.004,-7.6265,11.5161,3.95802,14.3684,141.201,17.2406,31.0605,145.601,0.125755,s20140924_123536_4874
19507351,113,-0.123305,0.0253669,-0.0196306,-0.000372136,0.102539,-0.291506,400.447,0.309015,-3.95667,-2.05084,-0.49785,4.48431,89.7921,89.9269,89.931,-6.87666,12.2257,4.30926,14.674,26.4494,102.182,40.2477,112.963,0.124633,s20140924_123536_4874
19507352,114,-0.123512,0.0262846,-0.0225506,-0.0415404,0.0804111,-0.290825,400.17,0.304583,-4.22446,-2.3867,0.4981,4.87756,62.6791,81.8711,82.1613,-7.09751,13.5598,4.76297,16.029,-47.5748,134.756,47.7365,150.669,0.123715,s20140924_123536_4874
19507353,115,-0.124143,0.0269635,-0.0254184,-0.0848614,0.0548049,-0.281544,400.068,0.299119,-4.37128,-2.72565,1.22675,5.29549,32.855,73.2264,73.5186,-7.82815,14.9209,5.26399,17.6528,-73.3128,101.408,45.0265,132.988,0.123036,s20140924_123536_4874
19507354,116,-0.125212,0.0273697,-0.0281615,-0.128966,0.0258981,-0.26629,400.03,0.297007,-4.36593,-3.01801,1.704,5.57435,11.3547,64.1588,64.2644,-8.56377,15.5879,5.6635,18.6654,-45.5421,8.01779,23.8925,52.0502,0.121839,s20140924_123536_4874
19507355,117,-0.126719,0.027473,-0.0307323,-0.17218,-0.00555538,-0.247464,400.015,0.301522,-4.1913,-3.18485,1.9806,5.62433,1.848,55.1707,55.1774,-8.739,15.0812,5.74184,18.3516,23.6914,-101.356,-16.5215,105.392,0.119268,s20140924_123536_4874
19507356,118,-0.128647,0.027256,-0.0331043,-0.212792,-0.037799,-0.226678,400.009,0.313197,-3.88085,-3.15064,2.1224,5.43066,10.0726,46.8098,47.2017,-8.08994,13.5608,5.33307,16.6669,94.2671,-173.942,-63.5803,207.809,0.116896,s20140924_123536_4874
19507357,119,-0.130963,0.0267219,-0.035263,-0.249797,-0.0685681,-0.205016,400.006,0.330351,-3.51925,-2.90889,2.1632,5.05235,15.3494,39.3768,40.8735,-6.85365,11.6024,4.47023,14.1976,133.506,-193.464,-101.834,256.168,0.114737,s20140924_123536_4874
19507358,120,-0.13363,0.0258958,-0.0372048,-0.283177,-0.0959768,-0.183414,400.005,0.350773,-3.19825,-2.4992,2.11585,4.57729,18.723,32.9312,36.1675,-5.41982,9.69154,3.29639,11.583,140.903,-172.551,-131.36,258.617,0.112795,s20140924_123536_4874
19507359,121,-0.136617,0.0248185,-0.0389342,-0.313762,-0.118552,-0.162699,400.005,0.37279,-3.00705,-1.93056,2.0319,4.11072,20.6986,27.4087,32.6842,-4.0356,8.15134,1.84303,9.28048,126.835,-124.879,-157.254,237.509,0.111066,s20140924_123536_4874
19507360,122,-0.139902,0.0235465,-0.0404614,-0.343318,-0.134588,-0.142776,400.005,0.395432,-2.99565,-1.21995,2.02025,3.81361,21.4062,22.581,29.7486,-2.88311,7.19396,0.151318,7.75166,95.1699,-62.5688,-169.673,204.355,0.109539,s20140924_123536_4874
19507361,123,-0.143486,0.0221523,-0.0417879,-0.373675,-0.142951,-0.122294,400.005,0.418358,-3.1036,-0.44105,2.2132,3.83733,20.9346,18.1219,26.7227,-2.1322,6.89997,-1.55042,7.38645,48.9866,11.7721,-156.7,164.6,0.108212,s20140924_123536_4874
19507362,124,-0.14738,0.0207139,-0.0428963,-0.40539,-0.143409,-0.098512,400.005,0.441148,-3.1459,0.3291,2.80285,4.22622,19.4815,13.6584,23.228,-1.90338,7.4294,-2.98269,8.22893,0.306697,90.6844,-118.779,149.439,0.107104,s20140924_123536_4874
19507363,125,-0.151592,0.0193092,-0.0437298,-0.436593,-0.136369,-0.0662371,400.006,0.462166,-2.66225,1.07505,3.82871,4.78563,17.3461,8.62676,19.1492,-2.12607,8.71366,-3.92599,9.79088,-29.3377,136.01,-67.963,154.849,0.10627,s20140924_123536_4874
19507364,126,-0.156082,0.0180112,-0.044181,-0.458635,-0.121908,-0.0219379,400.007,0.475067,-0.92565,1.83885,4.83034,5.25075,14.8854,2.73854,15.1136,-2.49014,10.1496,-4.34195,11.3167,-33.3711,134.708,-26.3023,141.25,0.105819,s20140924_123536_4874
19507365,127,-0.16068,0.0168972,-0.0441418,-0.455106,-0.099592,0.0303697,400.008,0.466864,2.7244,2.62833,5.00913,6.27869,12.3436,3.81775,12.8864,-2.79349,11.4078,-4.45204,12.5604,-40.6027,181.546,-25.0977,187.716,0.105858,s20140924_123536_4874
19507366,128,-0.165026,0.0160458,-0.0435883,-0.404147,-0.0693414,0.0782448,400.011,0.417451,6.1654,3.08539,4.53316,8.25114,9.73571,10.9572,14.5039,-3.30219,13.7805,-4.8439,14.9757,-54.0961,317.486,-30.6861,323.52,0.106412,s20140924_123536_4874
19507367,129,-0.168691,0.0155144,-0.0425939,-0.331798,-0.0378842,0.121033,400.016,0.35521,6.06805,2.72045,4.76891,8.18319,6.51374,20.0409,20.9184,-3.87541,17.7575,-5.06576,18.8682,8.63584,313.159,73.5328,321.792,0.107406,s20140924_123536_4874
19507368,130,-0.171739,0.0152598,-0.041135,-0.282786,-0.0149323,0.173623,400.024,0.332168,3.5438,1.58675,6.1531,7.27578,3.02265,31.5488,31.643,-3.12947,20.0437,-3.37324,20.5651,178.784,-1.16008,259.606,315.215,0.108865,s20140924_123536_4874
19507369,131,-0.174437,0.0151685,-0.0390618,-0.260922,-0.00614921,0.244095,400.045,0.357352,1.43985,-0.1378,7.51,7.64802,1.35005,43.0916,43.1007,-0.29973,17.7343,0.126369,17.7373,308.156,-363.92,322.498,575.676,0.110938,s20140924_123536_4874
19507370,132,-0.177008,0.0150691,-0.0362222,-0.253989,-0.0176883,0.323823,400.108,0.411928,0.60505,-2.10326,7.5216,7.83353,3.98376,51.8913,51.9327,3.03365,12.7653,3.07671,13.4767,252.801,-516.172,188.95,605.016,0.113778,s20140924_123536_4874
19507371,133,-0.179523,0.0147514,-0.0326155,-0.248821,-0.0482144,0.394527,400.336,0.468922,0.51305,-3.24176,5.3184,6.24961,10.9664,57.7611,57.9524,4.75629,7.41089,3.90537,9.63304,113.368,-496.081,23.6061,509.418,0.117385,s20140924_123536_4874
19507372,134,-0.181984,0.0140922,-0.0284485,-0.243728,-0.0825235,0.430191,401.28,0.501276,0.6522,-3.30948,1.62345,3.74348,18.7055,60.4659,60.9079,5.30101,2.84368,3.54883,6.98437,79.7458,-332.21,-9.64885,341.784,0.118016,s20140924_123536_4874
19507373,135,-0.184388,0.0131091,-0.0241412,-0.235777,-0.114404,0.426996,405.003,0.501004,1.22035,-3.27238,-1.4043,3.76427,25.8836,61.0936,61.9261,6.3512,0.76668,3.7124,7.39645,141.767,-99.5763,60.1292,183.382,0.115612,s20140924_123536_4874
19507374,136,-0.186671,0.0117985,-0.0199809,-0.219321,-0.147971,0.402105,418.13,0.481337,2.1604,-3.46605,-3.09135,5.12223,34.0067,61.3905,62.8933,8.13636,0.852153,4.75142,9.46057,187.894,73.4251,137.156,243.941,0.113329,s20140924_123536_4874
19507375,137,-0.18874,0.0101424,-0.0161392,-0.192569,-0.183725,0.365169,457.489,0.45187,3.215,-3.70285,-3.79715,6.20207,43.6536,62.1954,64.7759,10.1091,2.23518,6.45551,12.2009,168.465,184.089,190.173,313.743,0.11126,s20140924_123536_4874
19507376,138,-0.190487,0.00811548,-0.0126844,-0.155021,-0.222028,0.326162,553.524,0.423922,4.2164,-3.9025,-3.64675,6.80487,55.0771,64.5788,68.5504,11.5057,4.53392,8.55488,15.0374,66.3741,230.277,195.411,309.223,0.109513,s20140924_123536_4874
19507377,139,-0.19181,0.00569699,-0.00959905,-0.108241,-0.261775,0.292234,731.368,0.406993,5.01219,-3.95595,-2.9377,7.02863,67.5355,69.6758,74.5764,11.4366,6.84073,10.3637,16.8819,-93.1496,182.232,131.542,243.287,0.10819,s20140924_123536_4874
19507378,140,-0.192629,0.00288123,-0.00680941,-0.0547773,-0.301147,0.267408,945.706,0.406444,5.53638,-3.84455,-1.9467,7.01582,79.6909,78.4234,82.2546,9.64267,8.17857,11.1857,16.8817,-234.245,60.426,16.5976,242.482,0.107371,s20140924_123536_4874
19507379,141,-0.192893,-0.000319772,-0.00421516,0.00248657,-0.338666,0.2533,1036.06,0.42292,5.70718,-3.4693,-0.95815,6.7473,90.4207,90.5624,90.3369,6.75166,8.04924,10.6957,14.9924,-288.904,-65.6054,-93.0481,310.528,0.107107,s20140924_123536_4874
19507380,142,-0.192581,-0.00387325,-0.00171323,0.0593663,-0.370533,0.248245,882.469,0.449938,5.50557,-2.74225,-0.22935,6.15499,99.1025,103.449,97.5819,3.86459,6.86647,9.32476,12.208,-241.638,-126.593,-141.743,307.418,0.107419,s20140924_123536_4874
19507381,143,-0.191718,-0.0077008,0.000768155,0.112598,-0.393511,0.248713,621.834,0.478944,5.02409,-1.7479,0.01585,5.31948,105.968,114.357,103.597,1.91889,5.51739,7.86083,9.79369,-135.27,-115.098,-131.196,220.812,0.108282,s20140924_123536_4874
19507382,144,-0.190349,-0.0117068,0.00325896,0.159848,-0.405491,0.248562,459.635,0.501754,4.33895,-0.6138,-0.332,4.39471,111.515,122.745,108.577,1.15919,4.56451,6.70083,8.19022,-27.5738,-66.1398,-97.7834,121.229,0.109651,s20140924_123536_4874
19507383,145,-0.188546,-0.0157717,0.00571827,0.199377,-0.405787,0.242073,409.558,0.512849,3.5215,0.50575,-1.1767,3.74718,116.166,129.476,112.878,1.36742,4.19459,5.90516,7.37125,60.2837,-5.68296,-65.0347,88.859,0.111454,s20140924_123536_4874
19507384,146,-0.18639,-0.0197868,0.00806524,0.230278,-0.395376,0.225028,400.982,0.50989,2.63125,1.4926,-2.3725,3.84449,120.218,135.661,116.848,2.36486,4.45085,5.40014,7.38675,130.277,53.4768,-44.0601,147.557,0.11361,s20140924_123536_4874
19507385,147,-0.183971,-0.0236491,0.0101743,0.252002,-0.375935,0.194623,400.073,0.492656,1.7349,2.20445,-3.6506,4.60395,123.835,142.321,120.765,3.97295,5.26413,5.02396,8.29069,180.828,101.667,-42.1121,211.68,0.116029,s20140924_123536_4874
19507386,148,-0.181379,-0.0272882,0.011917,0.264976,-0.351287,0.152016,400.004,0.465536,0.8819,2.5494,-4.7274,5.44293,127.027,150.157,124.693,5.98143,6.48418,4.5579,9.92958,213.48,137.234,-61.3795,261.102,0.118621,s20140924_123536_4874
19507387,149,-0.1787,-0.0306692,0.0131835,0.26964,-0.324947,0.100075,400.0,0.433948,0.0655,2.5917,-5.51655,6.09537,129.686,159.638,128.416,8.24254,8.00882,3.79637,12.1034,229.784,165.418,-88.9132,296.765,0.119331,s20140924_123536_4874
19507388,150,-0.176013,-0.03379,0.013897,0.266286,-0.299453,0.041685,400.0,0.402887,-0.6787,2.4849,-6.04704,6.57282,131.645,171.103,131.372,10.5771,9.79254,2.77963,14.6798,215.215,176.357,-99.8161,295.605,0.11621,s20140924_123536_4874
19507389,151,-0.173397,-0.0366625,0.0140033,0.256066,-0.275249,-0.0208657,400.0,0.37652,-1.29045,2.4037,-6.28954,6.85575,132.932,175.342,132.85,12.5468,11.5359,1.80005,17.1389,151.011,144.534,-90.4988,227.782,0.113338,s20140924_123536_4874
19507390,152,-0.17091,-0.039296,0.0134774,0.240477,-0.251379,-0.0841057,400.0,0.357903,-1.81995,2.43,-6.14326,6.8525,133.73,160.723,132.214,13.5973,12.6832,0.969658,18.6197,45.4672,68.906,-79.9427,114.918,0.110704,s20140924_123536_4874
19507391,153,-0.168605,-0.0416873,0.0123333,0.219667,-0.226649,-0.143731,400.0,0.346817,-2.3537,2.544,-5.53451,6.53014,134.104,146.803,129.3,13.4562,12.9141,0.201192,18.6516,-63.6189,-14.4428,-74.5029,99.0285,0.108313,s20140924_123536_4874
19507392,154,-0.166535,-0.0438243,0.0106313,0.193403,-0.200499,-0.194796,400.0,0.339927,-2.89205,2.6937,-4.4474,5.94973,133.968,134.794,124.677,12.325,12.3944,-0.5204,17.487,-129.071,-60.4432,-66.4782,157.264,0.106176,s20140924_123536_4874
19507393,155,-0.164754,-0.045692,0.00848129,0.161826,-0.172775,-0.232679,400.0,0.331931,-3.39075,2.8679,-2.99575,5.35692,133.126,124.818,119.178,10.8748,11.7052,-1.12837,16.017,-119.413,-44.4208,-52.3121,137.729,0.104308,s20140924_123536_4874
19507394,156,-0.163314,-0.0472734,0.0060306,0.125588,-0.143141,-0.254711,400.0,0.318024,-3.8001,3.0984,-1.4003,5.09918,131.263,116.246,113.26,9.9367,11.5059,-1.56664,15.2833,-37.6025,26.4389,-36.9582,58.982,0.102727,s20140924_123536_4874
19507395,157,-0.162254,-0.0485458,0.00344061,0.0858241,-0.110807,-0.260685,400.0,0.295974,-4.06752,3.38689,0.1215,5.29438,127.759,108.223,106.856,10.1227,12.234,-1.86754,15.9883,88.9356,129.116,-29.4917,159.531,0.101454,s20140924_123536_4874
19507396,158,-0.161603,-0.0494794,0.000864831,0.0442376,-0.0754032,-0.252281,400.0,0.266999,-4.14809,3.65921,1.4016,5.70622,120.399,99.9457,99.537,11.7154,14.0883,-2.15648,18.4494,226.735,234.01,-34.3682,327.644,0.100521,s20140924_123536_4874
19507397,159,-0.161369,-0.050046,-0.00156759,0.00286228,-0.0376228,-0.232653,400.0,0.235693,-4.02648,3.8278,2.31685,6.01933,94.3506,90.7049,90.6958,14.6574,16.9142,-2.5549,22.5268,318.816,274.673,-46.1044,423.338,0.099954,s20140924_123536_4874
19507398,160,-0.161538,-0.0502285,-0.00376462,-0.036292,0.00115281,-0.205944,400.0,0.20912,-3.71837,3.85877,2.78195,6.03785,1.81938,80.0058,80.006,18.0917,19.5817,-3.07856,26.8372,257.392,143.162,-51.3169,298.964,0.0997715,s20140924_123536_4874
19507399,161,-0.162081,-0.0500242,-0.00567906,-0.0715052,0.0395526,-0.177014,400.0,0.194965,-3.25755,3.75545,2.75715,5.6848,28.9489,68.0036,68.4841,19.8052,19.7774,-3.58124,28.2174,-10.7786,-168.782,-37.5519,173.245,0.0999758,s20140924_123536_4874
19507400,162,-0.162951,-0.0494431,-0.00731395,-0.101443,0.0762618,-0.150801,400.0,0.197098,-2.70164,3.53222,2.28595,5.0001,36.9347,56.0715,59.0237,17.8762,16.2061,-3.8296,24.4307,-336.048,-465.965,-7.5866,574.552,0.100557,s20140924_123536_4874
19507401,163,-0.164091,-0.0485082,-0.00871744,-0.125538,0.110197,-0.131295,400.0,0.212465,-2.11665,3.21081,1.4892,4.12398,41.2766,46.2841,53.7817,13.0843,10.4581,-3.73297,17.1612,-505.889,-559.722,21.4862,754.767,0.101492,s20140924_123536_4874
19507402,164,-0.165442,-0.0472513,-0.00997061,-0.143776,0.140478,-0.121017,400.0,0.234629,-1.53705,2.797,0.53675,3.23633,44.3353,40.0875,52.2092,7.75839,5.01165,-3.39988,9.84217,-495.849,-478.078,43.1398,690.135,0.102749,s20140924_123536_4874
19507403,165,-0.166947,-0.045714,-0.0111705,-0.156279,0.166137,-0.12056,400.0,0.257991,-0.9586,2.2222,-0.4221,2.45668,46.7513,37.6481,52.7169,3.16729,0.896565,-2.87018,4.36732,-422.219,-353.799,65.7293,554.764,0.104286,s20140924_123536_4874
19507404,166,-0.168548,-0.0439515,-0.012413,-0.162948,0.184922,-0.129459,400.0,0.278402,-0.366,1.3828,-1.2992,1.93236,48.6144,38.4665,54.176,-0.685998,-2.06434,-2.08529,3.01339,-358.371,-256.126,87.3678,449.069,0.106049,s20140924_123536_4874
19507405,167,-0.170186,-0.0420486,-0.013787,-0.163599,0.193793,-0.146544,400.0,0.292909,0.23505,0.29305,-1.9946,2.02967,49.8291,41.8524,56.0456,-4.00012,-4.22595,-1.12282,5.92624,-295.131,-176.344,97.1557,357.266,0.107951,s20140924_123536_4874
19507406,168,-0.1718,-0.0401152,-0.015363,-0.158247,0.190783,-0.169351,400.0,0.3002,0.57135,-0.6149,-2.58245,2.71544,50.3256,46.9413,58.1877,-6.58863,-5.59121,-0.142176,8.64245,-189.793,-75.8486,92.4745,224.335,0.109885,s20140924_123536_4874
19507407,169,-0.173349,-0.0382539,-0.0171941,-0.152172,0.181495,-0.198193,400.0,0.308832,0.26985,-0.7985,-3.31055,3.41616,50.0223,52.4831,60.4796,-7.79599,-5.74292,0.72667,9.71013,-34.7681,52.0018,74.5546,97.3211,0.111746,s20140924_123536_4874
19507408,170,-0.174866,-0.0364766,-0.0193553,-0.15285,0.174813,-0.235562,400.0,0.330775,-0.43695,-0.49355,-3.92605,3.981,48.8348,57.0215,62.4775,-7.28399,-4.55118,1.34892,8.69421,102.415,153.363,47.8072,190.511,0.113523,s20140924_123536_4874
19507409,171,-0.17643,-0.034746,-0.021918,-0.160911,0.171624,-0.276714,400.0,0.363205,-1.04955,-0.2694,-3.9273,4.07404,46.8452,59.8217,63.7026,-5.74768,-2.67566,1.68281,6.55949,154.543,184.029,25.1083,241.621,0.115254,s20140924_123536_4874
19507410,172,-0.178101,-0.0330409,-0.024877,-0.173841,0.169425,-0.314108,400.0,0.396975,-1.49685,-0.2188,-3.42995,3.74873,44.263,61.038,64.0291,-4.19314,-0.870592,1.85108,4.6655,133.575,176.628,21.6179,222.502,0.116959,s20140924_123536_4874
19507411,173,-0.179921,-0.0313574,-0.0281795,-0.190848,0.167248,-0.345313,400.0,0.428528,-1.84385,-0.4068,-2.46765,3.10718,41.2294,61.0714,63.5538,-3.07618,0.856894,2.11517,3.83028,86.0711,187.589,43.023,210.829,0.118643,s20140924_123536_4874
19507412,174,-0.181927,-0.0297085,-0.0317397,-0.210718,0.161289,-0.363461,400.0,0.450022,-2.0932,-0.96775,-0.85985,2.46117,37.4314,59.8968,62.08,-2.47172,2.88119,2.71154,4.66509,40.7337,213.972,71.6029,229.282,0.118073,s20140924_123536_4874
19507413,175,-0.184142,-0.0281564,-0.0353851,-0.232712,0.147893,-0.36251,400.0,0.455457,-2.39795,-1.60585,0.79735,2.99411,32.4368,57.3017,59.2734,-2.2615,5.13633,3.54723,6.63921,12.9044,216.437,80.808,231.39,0.114615,s20140924_123536_4874
19507414,176,-0.186595,-0.0267684,-0.0389431,-0.258677,0.129172,-0.347514,400.0,0.452068,-2.8656,-1.98445,1.8383,3.94069,26.5355,53.3373,55.0956,-2.21363,7.20994,4.3277,8.69553,3.70464,179.32,64.8895,190.735,0.111057,s20140924_123536_4874
19507415,177,-0.189334,-0.0255805,-0.0423128,-0.290024,0.108204,-0.325744,400.0,0.449368,-3.3796,-2.12861,2.3065,4.61223,20.4599,48.3199,49.804,-2.18741,8.72273,4.84502,10.2149,5.6679,108.679,32.1123,113.465,0.107687,s20140924_123536_4874
19507416,178,-0.192412,-0.0246064,-0.0454494,-0.326269,0.0865997,-0.301384,400.0,0.45253,-3.76,-2.13948,2.45215,4.97272,14.8649,42.7295,43.8638,-2.10027,9.38351,4.96995,10.8241,14.8738,20.8297,-9.49174,27.2983,0.104551,s20140924_123536_4874
19507417,179,-0.195868,-0.0238471,-0.0483394,-0.365224,0.0654145,-0.276701,400.0,0.462851,-3.89545,-2.04048,2.4277,5.02313,10.1545,37.1483,37.9009,-1.88994,9.13932,4.65518,10.4293,28.4052,-56.5811,-51.305,81.4891,0.101661,s20140924_123536_4874
19507418,180,-0.199716,-0.0232929,-0.0509861,-0.404178,0.0457901,-0.25283,400.0,0.478936,-3.7716,-1.80547,2.3203,4.7821,6.46359,32.0277,32.4448,-1.53217,8.25189,3.94385,9.27336,41.3377,-104.245,-86.1586,141.418,0.0990139,s20140924_123536_4874
19507419,181,-0.203943,-0.0229208,-0.0534004,-0.440656,0.029305,-0.230295,400.0,0.498069,-3.41975,-1.40929,2.1664,4.2865,3.80475,27.5924,27.7817,-1.06318,7.05443,2.93201,7.71311,47.8853,-123.909,-108.144,171.294,0.096057,s20140924_123536_4874
19507420,182,-0.208514,-0.0226909,-0.0555978,-0.472573,0.0176043,-0.209502,400.0,0.517229,-2.8941,-0.8859,1.9633,3.60766,2.1334,23.9088,23.9835,-0.574461,5.77371,1.78097,6.0694,44.8412,-127.865,-111.254,175.321,0.091486,s20140924_123536_4874
19507421,183,-0.213375,-0.0225498,-0.0575982,-0.498538,0.011587,-0.191029,400.0,0.53401,-2.2606,-0.34242,1.6858,2.84068,1.33143,20.9658,21.0009,-0.166357,4.49714,0.706928,4.5554,33.4603,-127.922,-93.1657,161.751,0.086625,s20140924_123536_4874
19507422,184,-0.218462,-0.0224419,-0.0594292,-0.517785,0.0107559,-0.175786,400.0,0.546917,-1.5761,0.08349,1.307,2.04922,1.19003,18.7522,18.7848,0.0947462,3.21528,-0.0823442,3.21773,17.725,-127.561,-57.7645,141.147,0.081538,s20140924_123536_4874
19507423,185,-0.223707,-0.0223236,-0.0611284,-0.53006,0.0132568,-0.164889,400.0,0.555273,-0.9093,0.282935,0.8405,1.27016,1.43267,17.2797,17.3321,0.188142,1.94593,-0.448362,2.00576,2.06034,-118.469,-14.4333,119.363,0.076293,s20140924_123536_4874
19507424,186,-0.229042,-0.0221745,-0.0627436,-0.535971,0.0164146,-0.158976,400.0,0.559292,-0.37185,0.22696,0.3808,0.578612,1.75419,16.521,16.6041,0.135953,0.845893,-0.371011,0.933631,-5.45722,-78.8625,11.0048,79.8134,0.070958,s20140924_123536_4874
19507425,187,-0.234412,-0.0220012,-0.064322,-0.537497,0.017796,-0.157273,400.0,0.560316,-0.1526,0.13814,0.1703,0.267154,1.89631,16.3096,16.4081,0.078998,0.368676,-0.228267,0.440759,-5.6955,-47.7217,14.2744,50.1354,0.065588,s20140924_123536_4874
